date,ranking,name,country,url,points,tournaments
08.09.2014,1,"Djokovic, Novak",SRB,/Tennis/Players/Top-Players/Novak-Djokovic.aspx,"12,290",18
08.09.2014,2,"Nadal, Rafael",ESP,/Tennis/Players/Top-Players/Rafael-Nadal.aspx,"8,670",20
08.09.2014,3,"Federer, Roger",SUI,/Tennis/Players/Top-Players/Roger-Federer.aspx,"8,030",19
08.09.2014,4,"Wawrinka, Stan",SUI,/Tennis/Players/Top-Players/Stan-Wawrinka.aspx,"5,625",20
08.09.2014,5,"Ferrer, David",ESP,/Tennis/Players/Top-Players/David-Ferrer.aspx,"4,495",26
08.09.2014,6,"Berdych, Tomas",CZE,/Tennis/Players/Top-Players/Tomas-Berdych.aspx,"4,240",24
08.09.2014,7,"Raonic, Milos",CAN,/Tennis/Players/Top-Players/Milos-Raonic.aspx,"4,225",20
08.09.2014,8,"Nishikori, Kei",JPN,/Tennis/Players/Top-Players/Kei-Nishikori.aspx,"3,870",21
08.09.2014,9,"Cilic, Marin",CRO,/Tennis/Players/Top-Players/Marin-Cilic.aspx,"3,845",23
08.09.2014,10,"Dimitrov, Grigor",BUL,/Tennis/Players/Top-Players/Grigor-Dimitrov.aspx,"3,710",21
08.09.2014,11,"Murray, Andy",GBR,/Tennis/Players/Top-Players/Andy-Murray.aspx,"3,150",19
08.09.2014,12,"Tsonga, Jo-Wilfried",FRA,/Tennis/Players/Top-Players/Jo-Wilfried-Tsonga.aspx,"3,100",21
08.09.2014,13,"Gulbis, Ernests",LAT,/Tennis/Players/Top-Players/Ernests-Gulbis.aspx,"2,615",23
08.09.2014,14,"Del Potro, Juan Martin",ARG,/Tennis/Players/Top-Players/Juan-Martin-Del-Potro.aspx,"2,365",18
08.09.2014,15,"Bautista Agut, Roberto",ESP,/Tennis/Players/Top-Players/Roberto-Bautista-Agut.aspx,"1,935",24
08.09.2014,16,"Isner, John",USA,/Tennis/Players/Top-Players/John-Isner.aspx,"1,925",23
08.09.2014,17,"Fognini, Fabio",ITA,/Tennis/Players/Top-Players/Fabio-Fognini.aspx,"1,870",27
08.09.2014,18,"Monfils, Gael",FRA,/Tennis/Players/Top-Players/Gael-Monfils.aspx,"1,845",22
08.09.2014,19,"Anderson, Kevin",RSA,/Tennis/Players/Top-Players/Kevin-Anderson.aspx,"1,840",24
08.09.2014,20,"Lopez, Feliciano",ESP,/Tennis/Players/Top-Players/Feliciano-Lopez.aspx,"1,770",27
08.09.2014,21,"Gasquet, Richard",FRA,/Tennis/Players/Top-Players/Richard-Gasquet.aspx,"1,730",26
08.09.2014,22,"Robredo, Tommy",ESP,/Tennis/Players/Top-Players/Tommy-Robredo.aspx,"1,645",23
08.09.2014,23,"Dolgopolov, Alexandr",UKR,/Tennis/Players/Top-Players/Alexandr-Dolgopolov.aspx,"1,535",26
08.09.2014,24,"Kohlschreiber, Philipp",GER,/Tennis/Players/Top-Players/Philipp-Kohlschreiber.aspx,"1,505",30
08.09.2014,25,"Mayer, Leonardo",ARG,/Tennis/Players/Top-Players/Leonardo-Mayer.aspx,"1,399",22
08.09.2014,26,"Simon, Gilles",FRA,/Tennis/Players/Top-Players/Gilles-Simon.aspx,"1,360",25
08.09.2014,27,"Rosol, Lukas",CZE,/Tennis/Players/Top-Players/Lukas-Rosol.aspx,"1,290",32
08.09.2014,28,"Almagro, Nicolas",ESP,/Tennis/Players/Top-Players/Nicolas-Almagro.aspx,"1,204",22
08.09.2014,29,"Benneteau, Julien",FRA,/Tennis/Players/Top-Players/Julien-Benneteau.aspx,"1,205",25
08.09.2014,30,"Garcia-Lopez, Guillermo",ESP,/Tennis/Players/Top-Players/Guillermo-Garcia-Lopez.aspx,"1,203",27
08.09.2014,31,"Karlovic, Ivo",CRO,/Tennis/Players/Top-Players/Ivo-Karlovic.aspx,"1,195",27
08.09.2014,32,"Youzhny, Mikhail",RUS,/Tennis/Players/Top-Players/Mikhail-Youzhny.aspx,"1,190",27
08.09.2014,33,"Giraldo, Santiago",COL,/Tennis/Players/Top-Players/Santiago-Giraldo.aspx,"1,180",30
08.09.2014,34,"Verdasco, Fernando",ESP,/Tennis/Players/Top-Players/Fernando-Verdasco.aspx,"1,1350",25
08.09.2014,35,"Chardy, Jeremy",FRA,/Tennis/Players/Top-Players/Jeremy-Chardy.aspx,"1,105",27
08.09.2014,36,"Thiem, Dominic",AUT,/Tennis/Players/Th/D/Dominic-Thiem.aspx,"1,094",25
08.09.2014,37,"Lu, Yen-Hsun",TPE,/Tennis/Players/Top-Players/Yen-Hsun-Lu.aspx,"1,083",27
08.09.2014,38,"Stepanek, Radek",CZE,/Tennis/Players/Top-Players/Radek-Stepanek.aspx,"1,060",24
08.09.2014,39,"Cuevas, Pablo",URU,/Tennis/Players/Top-Players/Pablo-Cuevas.aspx,"1,059",21
08.09.2014,40,"Sousa, Joao",POR,/Tennis/Players/So/J/Joao-Sousa.aspx,"1,032",31
08.09.2014,41,"Janowicz, Jerzy",POL,/Tennis/Players/Top-Players/Jerzy-Janowicz.aspx,"1,030",23
08.09.2014,42,"Haas, Tommy",GER,/Tennis/Players/Top-Players/Tommy-Haas.aspx,"1,0250",22
08.09.2014,43,"Pospisil, Vasek",CAN,/Tennis/Players/Top-Players/Vasek-Pospisil.aspx,965,27
08.09.2014,44,"Andujar, Pablo",ESP,/Tennis/Players/Top-Players/Pablo-Andujar.aspx,926,27
08.09.2014,45,"Granollers, Marcel",ESP,/Tennis/Players/Top-Players/Marcel-Granollers.aspx,920,30
08.09.2014,46,"Goffin, David",BEL,/Tennis/Players/Top-Players/David-Goffin.aspx,908,22
08.09.2014,47,"Johnson, Steve",USA,/Tennis/Players/Jo/S/Steve-Johnson.aspx,904,29
08.09.2014,48,"Seppi, Andreas",ITA,/Tennis/Players/Top-Players/Andreas-Seppi.aspx,880,31
08.09.2014,49,"Hewitt, Lleyton",AUS,/Tennis/Players/Top-Players/Lleyton-Hewitt.aspx,880,21
08.09.2014,50,"Young, Donald",USA,/Tennis/Players/Yo/D/Donald-Young.aspx,877,26
08.09.2014,51,"Querrey, Sam",USA,/Tennis/Players/Top-Players/Sam-Querrey.aspx,865,26
08.09.2014,52,"Gabashvili, Teymuraz",RUS,/Tennis/Players/Ga/T/Teymuraz-Gabashvili.aspx,865,32
08.09.2014,53,"Kyrgios, Nick",AUS,/Tennis/Players/Ky/N/Nick-Kyrgios.aspx,860,14
08.09.2014,54,"Roger-Vasselin, Edouard",FRA,/Tennis/Players/Top-Players/Edouard-Roger-Vasselin.aspx,850,28
08.09.2014,55,"Istomin, Denis",UZB,/Tennis/Players/Top-Players/Denis-Istomin.aspx,815,27
08.09.2014,56,"Kukushkin, Mikhail",KAZ,/Tennis/Players/Top-Players/Mikhail-Kukushkin.aspx,812,28
08.09.2014,57,"Klizan, Martin",SVK,/Tennis/Players/Top-Players/Martin-Klizan.aspx,810,19
08.09.2014,58,"Nieminen, Jarkko",FIN,/Tennis/Players/Top-Players/Jarkko-Nieminen.aspx,803,29
08.09.2014,59,"Delbonis, Federico",ARG,/Tennis/Players/De/F/Federico-Delbonis.aspx,800,28
08.09.2014,60,"Becker, Benjamin",GER,/Tennis/Players/Be/B/Benjamin-Becker.aspx,778,32
08.09.2014,61,"Lajovic, Dusan",SRB,/Tennis/Players/La/D/Dusan-Lajovic.aspx,775,23
08.09.2014,62,"Golubev, Andrey",KAZ,/Tennis/Players/Go/A/Andrey-Golubev.aspx,772,30
08.09.2014,63,"Tomic, Bernard",AUS,/Tennis/Players/Top-Players/Bernard-Tomic.aspx,771,23
08.09.2014,64,"Dodig, Ivan",CRO,/Tennis/Players/Top-Players/Ivan-Dodig.aspx,770,24
08.09.2014,65,"Muller, Gilles",LUX,/Tennis/Players/Top-Players/Gilles-Muller.aspx,763,17
08.09.2014,66,"Sock, Jack",USA,/Tennis/Players/Top-Players/Jack-Sock.aspx,756,26
08.09.2014,67,"Berlocq, Carlos",ARG,/Tennis/Players/Top-Players/Carlos-Berlocq.aspx,750,25
08.09.2014,68,"Tursunov, Dmitry",RUS,/Tennis/Players/Top-Players/Dmitry-Tursunov.aspx,735,27
08.09.2014,69,"Estrella Burgos, Victor",DOM,/Tennis/Players/Es/V/Victor-Estrella-Burgos.aspx,727,28
08.09.2014,70,"Haase, Robin",NED,/Tennis/Players/Top-Players/Robin-Haase.aspx,725,30
08.09.2014,71,"Struff, Jan-Lennard",GER,/Tennis/Players/St/J/Jan-Lennard-Struff.aspx,715,29
08.09.2014,72,"Sijsling, Igor",NED,/Tennis/Players/Si/I/Igor-Sijsling.aspx,713,35
08.09.2014,73,"Falla, Alejandro",COL,/Tennis/Players/Top-Players/Alejandro-Falla.aspx,711,28
08.09.2014,74,"Carreno Busta, Pablo",ESP,/Tennis/Players/Ca/P/Pablo-Carreno-Busta.aspx,701,30
08.09.2014,75,"Ramos-Vinolas, Albert",ESP,/Tennis/Players/Top-Players/Albert-Ramos-Vinolas.aspx,693,29
08.09.2014,76,"Bolelli, Simone",ITA,/Tennis/Players/Top-Players/Simone-Bolelli.aspx,687,14
08.09.2014,77,"Vesely, Jiri",CZE,/Tennis/Players/Ve/J/Jiri-Vesely.aspx,686,26
08.09.2014,78,"Lorenzi, Paolo",ITA,/Tennis/Players/Lo/P/Paolo-Lorenzi.aspx,684,29
08.09.2014,79,"Matosevic, Marinko",AUS,/Tennis/Players/Top-Players/Marinko-Matosevic.aspx,682,24
08.09.2014,80,"Kamke, Tobias",GER,/Tennis/Players/Ka/T/Tobias-Kamke.aspx,673,26
08.09.2014,81,"Kuznetsov, Andrey",RUS,/Tennis/Players/Ku/A/Andrey-Kuznetsov.aspx,672,24
08.09.2014,82,"Mathieu, Paul-Henri",FRA,/Tennis/Players/Top-Players/Paul-Henri-Mathieu.aspx,665,24
08.09.2014,83,"Bellucci, Thomaz",BRA,/Tennis/Players/Top-Players/Thomaz-Bellucci.aspx,653,19
08.09.2014,84,"Sela, Dudi",ISR,/Tennis/Players/Se/D/Dudi-Sela.aspx,648,24
08.09.2014,85,"Schwartzman, Diego",ARG,/Tennis/Players/Sc/D/Diego-Schwartzman.aspx,647,25
08.09.2014,86,"Lacko, Lukas",SVK,/Tennis/Players/La/L/Lukas-Lacko.aspx,644,29
08.09.2014,87,"Mayer, Florian",GER,/Tennis/Players/Top-Players/Florian-Mayer.aspx,640,20
08.09.2014,88,"Paire, Benoit",FRA,/Tennis/Players/Top-Players/Benoit-Paire.aspx,625,29
08.09.2014,89,"Ebden, Matthew",AUS,/Tennis/Players/Eb/M/Matthew-Ebden.aspx,624,31
08.09.2014,90,"Gonzalez, Alejandro",COL,/Tennis/Players/Go/A/Alejandro-Gonzalez-G892.aspx,623,31
08.09.2014,91,"Mannarino, Adrian",FRA,/Tennis/Players/Ma/A/Adrian-Mannarino.aspx,622,30
08.09.2014,92,"Stakhovsky, Sergiy",UKR,/Tennis/Players/Top-Players/Sergiy-Stakhovsky.aspx,621,29
08.09.2014,93,"Rola, Blaz",SLO,/Tennis/Players/Ro/B/Blaz-Rola.aspx,621,32
08.09.2014,94,"Kavcic, Blaz",SLO,/Tennis/Players/Ka/B/Blaz-Kavcic.aspx,619,23
08.09.2014,95,"Mahut, Nicolas",FRA,/Tennis/Players/Top-Players/Nicolas-Mahut.aspx,610,29
08.09.2014,96,"Jaziri, Malek",TUN,/Tennis/Players/Ja/M/Malek-Jaziri.aspx,609,27
08.09.2014,97,"Groth, Sam",AUS,/Tennis/Players/Gr/S/Sam-Groth.aspx,609,29
08.09.2014,98,"Bagnis, Facundo",ARG,/Tennis/Players/Ba/F/Facundo-Bagnis.aspx,596,25
08.09.2014,99,"Gonzalez, Maximo",ARG,/Tennis/Players/Go/M/Maximo-Gonzalez.aspx,589,25
08.09.2014,100,"Beck, Andreas",GER,/Tennis/Players/Be/A/Andreas-Beck.aspx,588,27
08.09.2014,101,"Nedovyesov, Aleksandr",KAZ,/Tennis/Players/Ne/A/Aleksandr-Nedovyesov.aspx,582,26
08.09.2014,102,"Monaco, Juan",ARG,/Tennis/Players/Top-Players/Juan-Monaco.aspx,580,21
08.09.2014,103,"Souza, Joao",BRA,/Tennis/Players/So/J/Joao-Souza.aspx,577,25
08.09.2014,104,"Smyczek, Tim",USA,/Tennis/Players/Sm/T/Tim-Smyczek.aspx,576,27
08.09.2014,105,"De Schepper, Kenny",FRA,/Tennis/Players/De/K/Kenny-De-Schepper.aspx,568,33
08.09.2014,106,"Soeda, Go",JPN,/Tennis/Players/So/G/Go-Soeda.aspx,563,24
08.09.2014,107,"Krajinovic, Filip",SRB,/Tennis/Players/Kr/F/Filip-Krajinovic.aspx,561,24
08.09.2014,108,"Baghdatis, Marcos",CYP,/Tennis/Players/Top-Players/Marcos-Baghdatis.aspx,560,18
08.09.2014,109,"Melzer, Jurgen",AUT,/Tennis/Players/Top-Players/Jurgen-Melzer.aspx,530,23
08.09.2014,110,"Riba, Pere",ESP,/Tennis/Players/Ri/P/Pere-Riba.aspx,529,27
08.09.2014,111,"Montanes, Albert",ESP,/Tennis/Players/Top-Players/Albert-Montanes.aspx,528,25
08.09.2014,112,"Zeballos, Horacio",ARG,/Tennis/Players/Top-Players/Horacio-Zeballos.aspx,526,29
08.09.2014,113,"Dzumhur, Damir",BIH,/Tennis/Players/Dz/D/Damir-Dzumhur.aspx,524,22
08.09.2014,114,"Ito, Tatsuma",JPN,/Tennis/Players/It/T/Tatsuma-Ito.aspx,524,25
08.09.2014,115,"Gimeno-Traver, Daniel",ESP,/Tennis/Players/Gi/D/Daniel-Gimeno-Traver.aspx,512,30
08.09.2014,116,"Arguello, Facundo",ARG,/Tennis/Players/Ar/F/Facundo-Arguello.aspx,508,29
08.09.2014,117,"Robert, Stephane",FRA,/Tennis/Players/Ro/S/Stephane-Robert.aspx,505,17
08.09.2014,118,"Haider-Maurer, Andreas",AUT,/Tennis/Players/Top-Players/Andreas-Haider-Maurer.aspx,499,30
08.09.2014,119,"Brown, Dustin",GER,/Tennis/Players/Top-Players/Dustin-Brown.aspx,491,32
08.09.2014,120,"Klahn, Bradley",USA,/Tennis/Players/Kl/B/Bradley-Klahn.aspx,490,22
08.09.2014,121,"Berrer, Michael",GER,/Tennis/Players/Top-Players/Michael-Berrer.aspx,489,21
08.09.2014,122,"Polansky, Peter",CAN,/Tennis/Players/Po/P/Peter-Polansky.aspx,487,32
08.09.2014,123,"Gojowczyk, Peter",GER,/Tennis/Players/Go/P/Peter-Gojowczyk.aspx,483,23
08.09.2014,124,"Berankis, Ricardas",LTU,/Tennis/Players/Top-Players/Ricardas-Berankis.aspx,481,25
08.09.2014,125,"Bedene, Aljaz",SLO,/Tennis/Players/Be/A/Aljaz-Bedene.aspx,470,18
08.09.2014,126,"Gombos, Norbert",SVK,/Tennis/Players/Go/N/Norbert-Gombos.aspx,453,25
08.09.2014,127,"Russell, Michael",USA,/Tennis/Players/Ru/M/Michael-Russell.aspx,452,25
08.09.2014,128,"Kudla, Denis",USA,/Tennis/Players/Ku/D/Denis-Kudla.aspx,451,23
08.09.2014,129,"Reister, Julian",GER,/Tennis/Players/Re/J/Julian-Reister.aspx,451,23
08.09.2014,130,"Herbert, Pierre-Hugues",FRA,/Tennis/Players/He/P/Pierre-Hugues-Herbert.aspx,449,27
08.09.2014,131,"Ward, James",GBR,/Tennis/Players/Wa/J/James-D-Ward.aspx,447,28
08.09.2014,132,"Kudryavtsev, Alexander",RUS,/Tennis/Players/Ku/A/Alexander-Kudryavtsev.aspx,447,25
08.09.2014,133,"Dustov, Farrukh",UZB,/Tennis/Players/Du/F/Farrukh-Dustov.aspx,443,22
08.09.2014,134,"Ungur, Adrian",ROU,/Tennis/Players/Un/A/Adrian-Ungur.aspx,439,26
08.09.2014,135,"Donskoy, Evgeny",RUS,/Tennis/Players/Do/E/Evgeny-Donskoy.aspx,433,29
08.09.2014,136,"Przysiezny, Michal",POL,/Tennis/Players/Pr/M/Michal-Przysiezny.aspx,427,28
08.09.2014,137,"Wang, Jimmy",TPE,/Tennis/Players/Wa/Y/Jimmy-Wang.aspx,423,16
08.09.2014,138,"Pavic, Ante",CRO,/Tennis/Players/Pa/A/Ante-Pavic.aspx,422,24
08.09.2014,139,"Elias, Gastao",POR,/Tennis/Players/El/G/Gastao-Elias.aspx,419,31
08.09.2014,140,"Fucsovics, Marton",HUN,/Tennis/Players/Fu/M/Marton-Fucsovics.aspx,410,22
08.09.2014,141,"Kubot, Lukasz",POL,/Tennis/Players/Top-Players/Lukasz-Kubot.aspx,407,22
08.09.2014,142,"Ilhan, Marsel",TUR,/Tennis/Players/Il/M/Marsel-Ilhan.aspx,406,24
08.09.2014,143,"Hanescu, Victor",ROU,/Tennis/Players/Top-Players/Victor-Hanescu.aspx,405,26
08.09.2014,144,"Devvarman, Somdev",IND,/Tennis/Players/Top-Players/Somdev-K-Devvarman.aspx,391,22
08.09.2014,145,"de Bakker, Thiemo",NED,/Tennis/Players/De/T/Thiemo-De-Bakker.aspx,388,18
08.09.2014,146,"Sugita, Yuichi",JPN,/Tennis/Players/Su/Y/Yuichi-Sugita.aspx,388,25
08.09.2014,147,"Dancevic, Frank",CAN,/Tennis/Players/Da/F/Frank-Dancevic.aspx,379,23
08.09.2014,148,"Marchenko, Illya",UKR,/Tennis/Players/Ma/I/Illya-Marchenko.aspx,377,26
08.09.2014,149,"Duckworth, James",AUS,/Tennis/Players/Du/J/James-Duckworth.aspx,376,22
08.09.2014,150,"Zverev, Alexander",GER,/Tennis/Players/Zv/A/Alexander-Zverev.aspx,366,21
08.09.2014,151,"Ram, Rajeev",USA,/Tennis/Players/Top-Players/Rajeev-Ram.aspx,363,26
08.09.2014,152,"Melzer, Gerald",AUT,/Tennis/Players/Me/G/Gerald-Melzer.aspx,363,27
08.09.2014,153,"Bhambri, Yuki",IND,/Tennis/Players/Bh/Y/Yuki-Bhambri.aspx,361,12
08.09.2014,154,"Delic, Mate",CRO,/Tennis/Players/De/M/Mate-Delic.aspx,359,23
08.09.2014,155,"Millot, Vincent",FRA,/Tennis/Players/Mi/V/Vincent-Millot.aspx,356,27
08.09.2014,156,"Vanni, Luca",ITA,/Tennis/Players/Va/L/Luca-Vanni.aspx,351,31
08.09.2014,157,"Starace, Potito",ITA,/Tennis/Players/Top-Players/Potito-Starace.aspx,349,21
08.09.2014,158,"Pella, Guido",ARG,/Tennis/Players/Pe/G/Guido-Pella.aspx,347,23
08.09.2014,159,"Cecchinato, Marco",ITA,/Tennis/Players/Ce/M/Marco-Cecchinato.aspx,343,27
08.09.2014,160,"Moriya, Hiroki",JPN,/Tennis/Players/Mo/H/Hiroki-Moriya.aspx,339,27
08.09.2014,161,"Chiudinelli, Marco",SUI,/Tennis/Players/Ch/M/Marco-Chiudinelli.aspx,331,22
08.09.2014,162,"Volandri, Filippo",ITA,/Tennis/Players/Vo/F/Filippo-Volandri.aspx,328,33
08.09.2014,163,"Menendez-Maceiras, Adrian",ESP,/Tennis/Players/Me/A/Adrian-Menendez-Maceiras.aspx,326,24
08.09.2014,164,"Krajicek, Austin",USA,/Tennis/Players/Kr/A/Austin-Krajicek.aspx,325,29
08.09.2014,165,"Saville, Luke",AUS,/Tennis/Players/Sa/L/Luke-Saville.aspx,322,24
08.09.2014,166,"Andreozzi, Guido",ARG,/Tennis/Players/An/G/Guido-Andreozzi.aspx,318,22
08.09.2014,167,"Nishioka, Yoshihito",JPN,/Tennis/Players/Ni/Y/Yoshihito-Nishioka.aspx,315,24
08.09.2014,168,"Buchanan, Chase",USA,/Tennis/Players/Bu/C/Chase-Buchanan.aspx,307,33
08.09.2014,169,"Martin, Andrej",SVK,/Tennis/Players/Ma/A/Andrej-Martin.aspx,305,25
08.09.2014,170,"Bemelmans, Ruben",BEL,/Tennis/Players/Be/R/Ruben-Bemelmans.aspx,303,29
08.09.2014,171,"Bozoljac, Ilija",SRB,/Tennis/Players/Bo/I/Ilija-Bozoljac.aspx,300,20
08.09.2014,172,"Daniel, Taro",JPN,/Tennis/Players/Da/T/Taro-Daniel.aspx,299,26
08.09.2014,173,"Molchanov, Denys",UKR,/Tennis/Players/Mo/D/Denys-Molchanov.aspx,297,28
08.09.2014,174,"Copil, Marius",ROU,/Tennis/Players/Co/M/Marius-Copil.aspx,296,25
08.09.2014,175,"Odesnik, Wayne",USA,/Tennis/Players/Od/W/Wayne-Odesnik.aspx,293,21
08.09.2014,176,"Coric, Borna",CRO,/Tennis/Players/Co/B/Borna-Coric.aspx,292,21
08.09.2014,177,"Brands, Daniel",GER,/Tennis/Players/Br/D/Daniel-Brands.aspx,291,19
08.09.2014,178,"Llodra, Michael",FRA,/Tennis/Players/Top-Players/Michael-Llodra.aspx,291,12
08.09.2014,179,"Michon, Axel",FRA,/Tennis/Players/Mi/A/Axel-Michon.aspx,287,28
08.09.2014,180,"Chung, Hyeon",KOR,/Tennis/Players/Ch/H/Hyeon-Chung.aspx,285,22
08.09.2014,181,"Kokkinakis, Thanasi",AUS,/Tennis/Players/Ko/T/Thanasi-Kokkinakis.aspx,283,21
08.09.2014,182,"Harrison, Ryan",USA,/Tennis/Players/Top-Players/Ryan-Harrison.aspx,282,24
08.09.2014,183,"Pospisil, Jaroslav",CZE,/Tennis/Players/Po/J/Jaroslav-Pospisil.aspx,282,26
08.09.2014,184,"Kuznetsov, Alex",USA,/Tennis/Players/Ku/A/Alex-Kuznetsov.aspx,280,25
08.09.2014,185,"Sorensen, Louk",IRL,/Tennis/Players/So/L/Louk-Sorensen.aspx,279,18
08.09.2014,186,"Londero, Juan Ignacio",ARG,/Tennis/Players/Lo/J/Juan-Ignacio-Londero.aspx,278,23
08.09.2014,187,"Albot, Radu",MDA,/Tennis/Players/Al/R/Radu-Albot.aspx,275,26
08.09.2014,188,"Zhang, Ze",CHN,/Tennis/Players/Zh/Z/Ze-Zhang.aspx,274,24
08.09.2014,189,"Clezar, Guilherme",BRA,/Tennis/Players/Cl/G/Guilherme-Clezar.aspx,274,23
08.09.2014,190,"Huta Galung, Jesse",NED,/Tennis/Players/Hu/J/Jesse-Huta-Galung.aspx,272,29
08.09.2014,191,"Bachinger, Matthias",GER,/Tennis/Players/Ba/M/Matthias-Bachinger.aspx,270,23
08.09.2014,192,"Mecir, Miloslav",SVK,/Tennis/Players/Me/M/Miloslav-Mecir.aspx,268,20
08.09.2014,193,"Smith, John-Patrick",AUS,/Tennis/Players/Sm/J/John-Patrick-Smith.aspx,267,23
08.09.2014,194,"Ghem, Andre",BRA,/Tennis/Players/Gh/A/Andre-Ghem.aspx,264,28
08.09.2014,195,"McGee, James",IRL,/Tennis/Players/Mc/J/James-Mcgee.aspx,263,23
08.09.2014,196,"Kubler, Jason",AUS,/Tennis/Players/Ku/J/Jason-Kubler.aspx,261,25
08.09.2014,197,"Lama, Gonzalo",CHI,/Tennis/Players/La/G/Gonzalo-Lama.aspx,260,22
08.09.2014,198,"Arnaboldi, Andrea",ITA,/Tennis/Players/Ar/A/Andrea-Arnaboldi.aspx,259,27
08.09.2014,199,"Alund, Martin",ARG,/Tennis/Players/Al/M/Martin-Alund.aspx,259,31
08.09.2014,200,"Burquier, Gregoire",FRA,/Tennis/Players/Bu/G/Gregoire-Burquier.aspx,254,27
08.09.2014,201,"Dutra Silva, Rogerio",BRA,/Tennis/Players/Du/R/Rogerio-Dutra-Silva.aspx,250,22
08.09.2014,202,"Guez, David",FRA,/Tennis/Players/Gu/D/David-Guez.aspx,248,25
08.09.2014,203,"Ignatik, Uladzimir",BLR,/Tennis/Players/Ig/U/Uladzimir-Ignatik.aspx,245,30
08.09.2014,204,"Williams, Rhyne",USA,/Tennis/Players/Wi/R/Rhyne-R-Williams.aspx,244,21
08.09.2014,205,"Wu, Di",CHN,/Tennis/Players/Wu/D/Di-Wu.aspx,242,23
08.09.2014,206,"Davydenko, Nikolay",RUS,/Tennis/Players/Top-Players/Nikolay-Davydenko.aspx,240,15
08.09.2014,207,"Puetz, Tim",GER,/Tennis/Players/Pu/T/Tim-Puetz.aspx,240,20
08.09.2014,208,"Desein, Niels",BEL,/Tennis/Players/De/N/Niels-Desein.aspx,240,28
08.09.2014,209,"Ginepri, Robby",USA,/Tennis/Players/Gi/R/Robby-Ginepri.aspx,234,15
08.09.2014,210,"Fischer, Martin",AUT,/Tennis/Players/Fi/M/Martin-Fischer.aspx,231,23
08.09.2014,211,"Marti, Yann",SUI,/Tennis/Players/Ma/Y/Yann-Marti.aspx,229,22
08.09.2014,212,"Lopez-Perez, Enrique",ESP,/Tennis/Players/Lo/E/Enrique-Lopez-Perez.aspx,229,36
08.09.2014,213,"Carballes Baena, Roberto",ESP,/Tennis/Players/Ca/R/Roberto-Carballes-Baena.aspx,227,28
08.09.2014,214,"Bolt, Alex",AUS,/Tennis/Players/Bo/A/Alex-Bolt.aspx,226,23
08.09.2014,215,"Marcora, Roberto",ITA,/Tennis/Players/Ma/R/Roberto-Marcora.aspx,226,28
08.09.2014,216,"Lamasine, Tristan",FRA,/Tennis/Players/La/T/Tristan-Lamasine.aspx,225,32
08.09.2014,217,"Kravchuk, Konstantin",RUS,/Tennis/Players/Kr/K/Konstantin-Kravchuk.aspx,224,30
08.09.2014,218,"Podlipnik-Castillo, Hans",CHI,/Tennis/Players/Po/H/Hans-Podlipnik-Castillo.aspx,224,36
08.09.2014,219,"Thompson, Jordan",AUS,/Tennis/Players/Th/J/Jordan-Thompson.aspx,223,27
08.09.2014,220,"Gicquel, Marc",FRA,/Tennis/Players/Gi/M/Marc-Gicquel.aspx,222,16
08.09.2014,221,"Collarini, Andrea",ARG,/Tennis/Players/Co/A/Andrea-Collarini.aspx,222,23
08.09.2014,222,"Ramirez Hidalgo, Ruben",ESP,/Tennis/Players/Top-Players/Ruben-Ramirez-Hidalgo.aspx,221,21
08.09.2014,223,"Basilashvili, Nikoloz",GEO,/Tennis/Players/Ba/N/Nikoloz-Basilashvili.aspx,219,26
08.09.2014,224,"Veic, Antonio",CRO,/Tennis/Players/Ve/A/Antonio-Veic.aspx,218,19
08.09.2014,225,"Pouille, Lucas",FRA,/Tennis/Players/Po/L/Lucas-Pouille.aspx,217,24
08.09.2014,226,"Viola, Matteo",ITA,/Tennis/Players/Vi/M/Matteo-Viola.aspx,216,26
08.09.2014,227,"Mertl, Jan",CZE,/Tennis/Players/Me/J/Jan-Mertl.aspx,216,28
08.09.2014,228,"Androic, Toni",CRO,/Tennis/Players/An/T/Toni-Androic.aspx,215,31
08.09.2014,229,"Kovalik, Jozef",SVK,/Tennis/Players/Ko/J/Jozef-Kovalik.aspx,214,20
08.09.2014,230,"Mektic, Nikola",CRO,/Tennis/Players/Me/N/Nikola-Mektic.aspx,214,22
08.09.2014,231,"Olivo, Renzo",ARG,/Tennis/Players/Ol/R/Renzo-Olivo.aspx,213,22
08.09.2014,232,"Vaisse, Martin",FRA,/Tennis/Players/Va/M/Martin-Vaisse.aspx,212,27
08.09.2014,233,"De Greef, Arthur",BEL,/Tennis/Players/De/A/Arthur-De-Greef.aspx,209,28
08.09.2014,234,"Yang, Tsung-Hua",TPE,/Tennis/Players/Ya/T/Tsung-Hua-Yang.aspx,207,29
08.09.2014,235,"Mitchell, Benjamin",AUS,/Tennis/Players/Mi/B/Benjamin-Mitchell.aspx,206,21
08.09.2014,236,"Grigelis, Laurynas",LTU,/Tennis/Players/Gr/L/Laurynas-Grigelis.aspx,206,27
08.09.2014,237,"Edmund, Kyle",GBR,/Tennis/Players/Ed/K/Kyle-Edmund.aspx,205,23
08.09.2014,238,"Troicki, Viktor",SRB,/Tennis/Players/Top-Players/Viktor-Troicki.aspx,204,6
08.09.2014,239,"Cipolla, Flavio",ITA,/Tennis/Players/Ci/F/Flavio-Cipolla.aspx,203,25
08.09.2014,240,"Torebko, Peter",GER,/Tennis/Players/To/P/Peter-Torebko.aspx,203,29
08.09.2014,241,"Olivetti, Albano",FRA,/Tennis/Players/Ol/A/Albano-Olivetti.aspx,201,17
08.09.2014,242,"Ymer, Elias",SWE,/Tennis/Players/Ym/E/Elias-Ymer.aspx,201,24
08.09.2014,243,"Setkic, Aldin",BIH,/Tennis/Players/Se/A/Aldin-Setkic.aspx,201,30
08.09.2014,244,"Chen, Ti",TPE,/Tennis/Players/Ch/T/Ti-Chen.aspx,200,37
08.09.2014,245,"Fabbiano, Thomas",ITA,/Tennis/Players/Fa/T/Thomas-Fabbiano.aspx,198,23
08.09.2014,246,"Gerasimov, Egor",BLR,/Tennis/Players/Ge/E/Egor-Gerasimov.aspx,197,20
08.09.2014,247,"Coppejans, Kimmer",BEL,/Tennis/Players/Co/K/Kimmer-Coppejans.aspx,196,26
08.09.2014,248,"Reid, Matt",AUS,/Tennis/Players/Re/M/Matt-Reid.aspx,194,21
08.09.2014,249,"Mertens, Yannick",BEL,/Tennis/Players/Me/Y/Yannick-Mertens.aspx,194,30
08.09.2014,250,"Pavlasek, Adam",CZE,/Tennis/Players/Pa/A/Adam-Pavlasek.aspx,193,27
08.09.2014,251,"Samper-Montana, Jordi",ESP,/Tennis/Players/Sa/J/Jordi-Samper-Montana.aspx,193,28
08.09.2014,252,"Authom, Maxime",BEL,/Tennis/Players/Au/M/Maxime-Authom.aspx,192,21
08.09.2014,253,"Travaglia, Stefano",ITA,/Tennis/Players/Tr/S/Stefano-Travaglia.aspx,191,25
08.09.2014,254,"Smethurst, Daniel",GBR,/Tennis/Players/Sm/D/Daniel-Smethurst.aspx,191,21
08.09.2014,255,"Munoz-De La Nava, Daniel",ESP,/Tennis/Players/Mu/D/Daniel-Munoz-De-La-Nava.aspx,188,17
08.09.2014,256,"Lindell, Christian",SWE,/Tennis/Players/Li/C/Christian-Lindell.aspx,188,25
08.09.2014,257,"Uchiyama, Yasutaka",JPN,/Tennis/Players/Uc/Y/Yasutaka-Uchiyama.aspx,188,29
08.09.2014,258,"Karatsev, Aslan",RUS,/Tennis/Players/Ka/A/Aslan-Karatsev.aspx,186,21
08.09.2014,259,"Bourgue, Mathias",FRA,/Tennis/Players/Bo/M/Mathias-Bourgue.aspx,185,20
08.09.2014,260,"Krstin, Pedja",SRB,/Tennis/Players/Kr/P/Pedja-Krstin.aspx,183,24
08.09.2014,261,"Trungelliti, Marco",ARG,/Tennis/Players/Tr/M/Marco-Trungelliti.aspx,180,17
08.09.2014,262,"Brkic, Tomislav",BIH,/Tennis/Players/Br/T/Tomislav-Brkic.aspx,179,26
08.09.2014,263,"Weintraub, Amir",ISR,/Tennis/Players/We/A/Amir-Weintraub.aspx,178,15
08.09.2014,264,"Evans, Daniel",GBR,/Tennis/Players/Ev/D/Daniel-Evans.aspx,177,18
08.09.2014,265,"Granollers, Gerard",ESP,/Tennis/Players/Gr/G/Gerard-Granollers.aspx,176,29
08.09.2014,266,"Kosakowski, Daniel",USA,/Tennis/Players/Ko/D/Daniel-Kosakowski.aspx,175,18
08.09.2014,267,"Eysseric, Jonathan",FRA,/Tennis/Players/Ey/J/Jonathan-Eysseric.aspx,175,22
08.09.2014,268,"Diez, Steven",CAN,/Tennis/Players/Di/S/Steven-Diez.aspx,175,26
08.09.2014,269,"Ortega-Olmedo, Roberto",ESP,/Tennis/Players/Or/R/Roberto-Ortega-Olmedo.aspx,175,38
08.09.2014,270,"Safwat, Mohamed",EGY,/Tennis/Players/Sa/M/Mohamed-Safwat.aspx,174,30
08.09.2014,271,"Cox, Daniel",GBR,/Tennis/Players/Co/D/Daniel-Cox.aspx,172,26
08.09.2014,272,"Bogomolov Jr., Alex",RUS,/Tennis/Players/Top-Players/Alex-Bogomolov-Jr.aspx,170,19
08.09.2014,273,"Zopp, Jurgen",EST,/Tennis/Players/Zo/J/Jurgen-Zopp.aspx,168,14
08.09.2014,274,"Novak, Dennis",AUT,/Tennis/Players/De/N/Dennis-Novak.aspx,168,23
08.09.2014,275,"Giner, Marc",ESP,/Tennis/Players/Gi/M/Marc-Giner.aspx,168,28
08.09.2014,276,"Van Der Duim, Antal",NED,/Tennis/Players/Va/A/Antal-Van-Der-Duim.aspx,167,26
08.09.2014,277,"Corrie, Edward",GBR,/Tennis/Players/Co/E/Edward-Corrie.aspx,165,28
08.09.2014,278,"Jenkins, Jarmere",USA,/Tennis/Players/Je/J/Jarmere-Jenkins.aspx,164,17
08.09.2014,279,"Laaksonen, Henri",SUI,/Tennis/Players/La/H/Henri-Laaksonen.aspx,163,19
08.09.2014,280,"Machado, Rui",POR,/Tennis/Players/Ma/R/Rui-Machado.aspx,162,21
08.09.2014,281,"Cacic, Nikola",SRB,/Tennis/Players/Ca/N/Nikola-Cacic.aspx,161,21
08.09.2014,282,"Reuter, Yannik",BEL,/Tennis/Players/Re/Y/Yannik-Reuter.aspx,161,28
08.09.2014,283,"Ouanna, Josselin",FRA,/Tennis/Players/Ou/J/Josselin-Ouanna.aspx,159,16
08.09.2014,284,"Gomez, Emilio",ECU,/Tennis/Players/Go/E/Emilio-Gomez.aspx,159,21
08.09.2014,285,"Checa-Calvo, Jose",ESP,/Tennis/Players/Ch/J/Jose-Checa-Calvo.aspx,159,25
08.09.2014,286,"Barry, Sam",IRL,/Tennis/Players/Ba/S/Sam-Barry.aspx,159,25
08.09.2014,287,"Rice, David",GBR,/Tennis/Players/Ri/D/David-Rice.aspx,159,30
08.09.2014,288,"Smirnov, Artem",UKR,/Tennis/Players/Sm/A/Artem-Smirnov.aspx,158,21
08.09.2014,289,"Marie, Jules",FRA,/Tennis/Players/Ma/J/Jules-Marie.aspx,158,33
08.09.2014,290,"Gaio, Federico",ITA,/Tennis/Players/Ga/F/Federico-Gaio.aspx,158,34
08.09.2014,291,"Sandgren, Tennys",USA,/Tennis/Players/Sa/T/Tennys-Sandgren.aspx,157,11
08.09.2014,292,"Garanganga, Takanyi",ZIM,/Tennis/Players/Ga/T/Takanyi-Garanganga.aspx,157,18
08.09.2014,293,"Udomchoke, Danai",THA,/Tennis/Players/Ud/D/Danai-Udomchoke.aspx,157,22
08.09.2014,294,"Hernych, Jan",CZE,/Tennis/Players/He/J/Jan-Hernych.aspx,156,12
08.09.2014,295,"Crivoi, Victor",ROU,/Tennis/Players/Cr/V/Victor-Crivoi.aspx,156,18
08.09.2014,296,"Turini, Thales",BRA,/Tennis/Players/Tu/T/Thales-Turini.aspx,156,32
08.09.2014,297,"Cervantes, Inigo",ESP,/Tennis/Players/Ce/I/Inigo-Cervantes.aspx,155,13
08.09.2014,298,"Rudnev, Valery",RUS,/Tennis/Players/Ru/V/Valery-Rudnev.aspx,155,23
08.09.2014,299,"Westerhof, Boy",NED,/Tennis/Players/We/B/Boy-Westerhof.aspx,155,27
08.09.2014,300,"Klein, Brydan",GBR,/Tennis/Players/Kl/B/Brydan-Klein.aspx,154,21
08.09.2014,301,"Huang, Liang-Chi",TPE,/Tennis/Players/Hu/L/Liang-Chi-Huang.aspx,154,30
08.09.2014,302,"Jung, Jason",USA,/Tennis/Players/Ju/J/Jason-Jung.aspx,152,25
08.09.2014,303,"Obry, Julien",FRA,/Tennis/Players/Ob/J/Julien-Obry.aspx,152,30
08.09.2014,304,"Basic, Mirza",BIH,/Tennis/Players/Ba/M/Mirza-Basic.aspx,151,23
08.09.2014,305,"Lapentti, Giovanni",ECU,/Tennis/Players/La/G/Giovanni-Lapentti.aspx,151,23
08.09.2014,306,"Jarry, Nicolas",CHI,/Tennis/Players/Ja/N/Nicolas-Jarry.aspx,149,25
08.09.2014,307,"Broady, Liam",GBR,/Tennis/Players/Br/L/Liam-Broady.aspx,149,30
08.09.2014,308,"Cunha, Henrique",BRA,/Tennis/Players/Cu/H/Henrique-Cunha.aspx,148,22
08.09.2014,309,"Ramanathan, Ramkumar",IND,/Tennis/Players/Ra/R/Ramkumar-Ramanathan.aspx,148,29
08.09.2014,310,"Martin, Fabrice",FRA,/Tennis/Players/Ma/F/Fabrice-Martin.aspx,147,19
08.09.2014,311,"Quinzi, Gianluigi",ITA,/Tennis/Players/Qu/G/Gianluigi-Quinzi.aspx,147,20
08.09.2014,312,"Giustino, Lorenzo",ITA,/Tennis/Players/Gi/L/Lorenzo-Giustino.aspx,147,25
08.09.2014,313,"Balaji, N.Sriram",IND,/Tennis/Players/Na/S/N-Sriram-Balaji.aspx,147,26
08.09.2014,314,"Roca Batalla, Oriol",ESP,/Tennis/Players/Ro/O/Oriol-Roca-Batalla.aspx,146,31
08.09.2014,315,"Sousa, Pedro",POR,/Tennis/Players/So/P/Pedro-Sousa.aspx,144,9
08.09.2014,316,"Arevalo, Marcelo",ESA,/Tennis/Players/Ar/M/Marcelo-Arevalo.aspx,144,20
08.09.2014,317,"Molteni, Andres",ARG,/Tennis/Players/Mo/A/Andres-Molteni.aspx,143,26
08.09.2014,318,"Nedunchezhiyan, Jeevan",IND,/Tennis/Players/Ne/J/Jeevan-Nedunchezhiyan.aspx,141,26
08.09.2014,319,"King, Darian",BAR,/Tennis/Players/Ki/D/Darian-King.aspx,139,22
08.09.2014,320,"Ward, Alexander",GBR,/Tennis/Players/Wa/A/Alexander-Ward.aspx,138,16
08.09.2014,321,"Beck, Karol",SVK,/Tennis/Players/Be/K/Karol-Beck.aspx,138,17
08.09.2014,322,"Khachanov, Karen",RUS,/Tennis/Players/Kh/K/Karen-Khachanov.aspx,138,19
08.09.2014,323,"Phau, Bjorn",GER,/Tennis/Players/Ph/B/Bjorn-Phau.aspx,137,12
08.09.2014,324,"Trinker, Bastian",AUT,/Tennis/Players/Tr/B/Bastian-Trinker.aspx,137,34
08.09.2014,325,"Michalicka, Marek",CZE,/Tennis/Players/Mi/M/Marek-Michalicka.aspx,136,25
08.09.2014,326,"Mina, Gianni",FRA,/Tennis/Players/Mi/G/Gianni-Mina.aspx,135,22
08.09.2014,327,"Giannessi, Alessandro",ITA,/Tennis/Players/Gi/A/Alessandro-Giannessi.aspx,135,23
08.09.2014,328,"Garin, Christian",CHI,/Tennis/Players/Ga/C/Christian-Garin.aspx,135,23
08.09.2014,329,"Klec, Ivo",SVK,/Tennis/Players/Kl/I/Ivo-Klec.aspx,135,31
08.09.2014,330,"Hernandez, Jose",DOM,/Tennis/Players/He/J/Jose-Hernandez.aspx,134,23
08.09.2014,331,"Cachin, Pedro",ARG,/Tennis/Players/Ca/P/Pedro-Cachin.aspx,134,25
08.09.2014,332,"Silva, Frederico Ferreira",POR,/Tennis/Players/Si/F/Frederico-Ferreira-Silva.aspx,134,28
08.09.2014,333,"Lokoli, Laurent",FRA,/Tennis/Players/Lo/L/Laurent-Lokoli.aspx,132,23
08.09.2014,334,"Venus, Michael",NZL,/Tennis/Players/Ve/M/Michael-Venus.aspx,132,14
08.09.2014,335,"Ouahab, Lamine",MAR,/Tennis/Players/Ou/L/Lamine-Ouahab.aspx,132,15
08.09.2014,336,"Salamanca, Carlos",COL,/Tennis/Players/Sa/C/Carlos-Salamanca.aspx,131,19
08.09.2014,337,"Donaldson, Jared",USA,/Tennis/Players/Do/J/Jared-Donaldson.aspx,131,21
08.09.2014,338,"Dellien, Hugo",BOL,/Tennis/Players/De/H/Hugo-Dellien.aspx,131,24
08.09.2014,339,"Cagnina, Julien",BEL,/Tennis/Players/Ca/J/Julien-Cagnina.aspx,130,23
08.09.2014,340,"Donati, Matteo",ITA,/Tennis/Players/Do/M/Matteo-Donati.aspx,130,29
08.09.2014,341,"Kicker, Nicolas",ARG,/Tennis/Players/Ki/N/Nicolas-Kicker.aspx,129,28
08.09.2014,342,"Peliwo, Filip",CAN,/Tennis/Players/Pe/F/Filip-Peliwo.aspx,128,17
08.09.2014,343,"Velotti, Agustin",ARG,/Tennis/Players/Ve/A/Agustin-Velotti.aspx,127,17
08.09.2014,344,"Niki, Takuto",JPN,/Tennis/Players/Ni/T/Takuto-Niki.aspx,127,23
08.09.2014,345,"Lizariturry, Juan",ESP,/Tennis/Players/Li/J/Juan-Lizariturry.aspx,127,26
08.09.2014,346,"Sikora, Adrian",SVK,/Tennis/Players/Si/A/Adrian-Sikora.aspx,127,29
08.09.2014,347,"De Paula, Fabiano",BRA,/Tennis/Players/De/F/Fabiano-De-Paula.aspx,126,23
08.09.2014,348,"Meister, Nicolas",USA,/Tennis/Players/Me/N/Nicolas-Meister.aspx,126,27
08.09.2014,349,"Gigounon, Germain",BEL,/Tennis/Players/Gi/G/Germain-Gigounon.aspx,126,30
08.09.2014,350,"Rufin, Guillaume",FRA,/Tennis/Players/Ru/G/Guillaume-Rufin.aspx,125,11
08.09.2014,351,"Langer, Nils",GER,/Tennis/Players/La/N/Nils-Langer.aspx,125,20
08.09.2014,352,"Banes, Maverick",AUS,/Tennis/Players/Ba/M/Maverick-Banes.aspx,125,25
08.09.2014,353,"Fratangelo, Bjorn",USA,/Tennis/Players/Fr/B/Bjorn-Fratangelo.aspx,124,20
08.09.2014,354,"Barrientos, Nicolas",COL,/Tennis/Players/Ba/N/Nicolas-Barrientos.aspx,124,23
08.09.2014,355,"Rodriguez - Pace, Ricardo",VEN,/Tennis/Players/Ro/R/Ricardo-Rodriguez-Pace.aspx,124,26
08.09.2014,356,"Trevisan, Matteo",ITA,/Tennis/Players/Tr/M/Matteo-Trevisan.aspx,123,18
08.09.2014,357,"Panfil, Grzegorz",POL,/Tennis/Players/Pa/G/Grzegorz-Panfil.aspx,123,19
08.09.2014,358,"Singh, Sanam",IND,/Tennis/Players/Si/S/Sanam-Singh.aspx,123,23
08.09.2014,359,"Lobkov, Alexander",RUS,/Tennis/Players/Lo/A/Alexander-Lobkov.aspx,123,24
08.09.2014,360,"King, Kevin",USA,/Tennis/Players/Ki/K/Kevin-King.aspx,122,18
08.09.2014,361,"Milojevic, Nikola",SRB,/Tennis/Players/Mi/N/Nikola-Milojevic.aspx,122,19
08.09.2014,362,"Darcis, Steve",BEL,/Tennis/Players/Da/S/Steve-Darcis.aspx,121,10
08.09.2014,363,"Sant'anna, Bruno",BRA,/Tennis/Players/Sa/B/Bruno-Santanna.aspx,121,25
08.09.2014,364,"Tipsarevic, Janko",SRB,/Tennis/Players/Top-Players/Janko-Tipsarevic.aspx,120,12
08.09.2014,365,"Kutrovsky, Dimitar",BUL,/Tennis/Players/Ku/D/Dimitar-Kutrovsky.aspx,120,21
08.09.2014,366,"Angelinos, Theodoros",GRE,/Tennis/Players/An/T/Theodoros-Angelinos.aspx,120,22
08.09.2014,367,"Pereira, Jose",BRA,/Tennis/Players/Pe/J/Jose-Pereira.aspx,119,23
08.09.2014,368,"Souto, David",VEN,/Tennis/Players/So/D/David-Souto.aspx,119,24
08.09.2014,369,"Lipovsek Puches, Tomas",ARG,/Tennis/Players/Li/T/Tomas-Lipovsek-Puches.aspx,119,30
08.09.2014,370,"Zhyrmont, Dzmitry",BLR,/Tennis/Players/Zh/D/Dzmitry-Zhyrmont.aspx,117,19
08.09.2014,371,"Sabry, Sherif",EGY,/Tennis/Players/Sa/S/Sherif-Sabry.aspx,117,20
08.09.2014,372,"Lazov, Alexander",BUL,/Tennis/Players/La/A/Alexander-Lazov.aspx,117,21
08.09.2014,373,"Schmid, Michal",CZE,/Tennis/Players/Sc/M/Michal-Schmid.aspx,117,22
08.09.2014,374,"Cuevas, Martin",URU,/Tennis/Players/Cu/M/Martin-Cuevas.aspx,116,24
08.09.2014,375,"Leite, Wilson",BRA,/Tennis/Players/Le/W/Wilson-Leite.aspx,116,29
08.09.2014,376,"Propoggia, Dane",AUS,/Tennis/Players/Pr/D/Dane-Propoggia.aspx,114,21
08.09.2014,377,"Horansky, Filip",SVK,/Tennis/Players/Ho/F/Filip-Horansky.aspx,114,24
08.09.2014,378,"Musialek, Alexis",FRA,/Tennis/Players/Mu/A/Alexis-Musialek.aspx,114,30
08.09.2014,379,"Whittington, Andrew",AUS,/Tennis/Players/Wh/A/Andrew-Whittington.aspx,113,18
08.09.2014,380,"Willis, Marcus",GBR,/Tennis/Players/Wi/M/Marcus-Willis.aspx,113,25
08.09.2014,381,"Hajek, Jan",CZE,/Tennis/Players/Ha/J/Jan-Hajek.aspx,112,20
08.09.2014,382,"Kibi, Yuya",JPN,/Tennis/Players/Ki/Y/Yuya-Kibi.aspx,112,18
08.09.2014,383,"Struvay, Eduardo",COL,/Tennis/Players/St/E/Eduardo-Struvay.aspx,112,24
08.09.2014,384,"Hocevar, Ricardo",BRA,/Tennis/Players/Ho/R/Ricardo-Hocevar.aspx,112,24
08.09.2014,385,"Nys, Hugo",FRA,/Tennis/Players/Ny/H/Hugo-Nys.aspx,112,26
08.09.2014,386,"Semrajc, Janez",SLO,/Tennis/Players/Se/J/Janez-Semrajc.aspx,111,16
08.09.2014,387,"Dubarenco, Maxim",MDA,/Tennis/Players/Du/M/Maxim-Dubarenco.aspx,111,21
08.09.2014,388,"Escobar, Gonzalo",ECU,/Tennis/Players/Es/G/Gonzalo-Escobar.aspx,111,21
08.09.2014,389,"Teixeira, Maxime",FRA,/Tennis/Players/Te/M/Maxime-Teixeira.aspx,111,23
08.09.2014,390,"Pashanski, Boris",SRB,/Tennis/Players/Pa/B/Boris-Pashanski.aspx,110,9
08.09.2014,391,"Monteiro, Thiago",BRA,/Tennis/Players/Mo/T/Thiago-Monteiro.aspx,108,16
08.09.2014,392,"Rosenholm, Patrik",SWE,/Tennis/Players/Ro/P/Patrik-Rosenholm.aspx,108,20
08.09.2014,393,"Arenas-Gualda, Ivan",ESP,/Tennis/Players/Ar/I/Ivan-Arenas-Gualda.aspx,108,32
08.09.2014,394,", Zhe Li",CHN,/Tennis/Players/Li/Z/Zhe-Li.aspx,107,13
08.09.2014,395,"Smith, Connor",USA,/Tennis/Players/Sm/C/Connor-Smith.aspx,106,12
08.09.2014,396,"Lim, Yong-Kyu",KOR,/Tennis/Players/Li/Y/Yong-Kyu-Lim.aspx,106,14
08.09.2014,397,"Romboli, Fernando",BRA,/Tennis/Players/Ro/F/Fernando-Romboli.aspx,106,19
08.09.2014,398,"Zaitcev, Anton",RUS,/Tennis/Players/Za/A/Anton-Zaitcev.aspx,106,22
08.09.2014,399,"Mesaros, Kristijan",CRO,/Tennis/Players/Me/K/Kristijan-Mesaros.aspx,105,21
08.09.2014,400,"Djere, Laslo",SRB,/Tennis/Players/Dj/L/Laslo-Djere.aspx,105,22
08.09.2014,401,"Nguyen, Daniel",USA,/Tennis/Players/Ng/D/Daniel-Nguyen.aspx,105,24
08.09.2014,402,"Perez Sanz, David",ESP,/Tennis/Players/Pe/D/David-Perez-Sanz.aspx,105,33
08.09.2014,403,"Pulgar-Garcia, Jaime",ESP,/Tennis/Players/Pu/J/Jaime-Pulgar-Garcia.aspx,105,35
08.09.2014,404,"Pavic, Mate",CRO,/Tennis/Players/Pa/M/Mate-Pavic.aspx,104,15
08.09.2014,405,"Milton, Joshua",GBR,/Tennis/Players/Mi/J/Joshua-Milton.aspx,104,21
08.09.2014,406,"Jankovic, Miki",SRB,/Tennis/Players/Ja/M/Miki-Jankovic.aspx,104,25
08.09.2014,407,"Golding, Oliver",GBR,/Tennis/Players/Go/O/Oliver-Golding.aspx,103,17
08.09.2014,408,"Vovk, Stanislav",RUS,/Tennis/Players/Vo/S/Stanislav-Vovk.aspx,103,19
08.09.2014,409,"El Mihdawy, Adam",USA,/Tennis/Players/El/A/Adam-El-Mihdawy.aspx,103,23
08.09.2014,410,"Spir, Juan-Carlos",COL,/Tennis/Players/Sp/J/Juan-Carlos-Spir.aspx,102,16
08.09.2014,411,"Brizzi, Alberto",ITA,/Tennis/Players/Br/A/Alberto-Brizzi.aspx,102,23
08.09.2014,412,"Coria, Federico",ARG,/Tennis/Players/Co/F/Federico-Coria.aspx,102,27
08.09.2014,413,"Bossel, Adrien",SUI,/Tennis/Players/Bo/A/Adrien-Bossel.aspx,101,19
08.09.2014,414,"Kim, Cheong-Eui",KOR,/Tennis/Players/Ki/C/Cheong-Eui-Kim.aspx,100,17
08.09.2014,415,"Kontinen, Micke",FIN,/Tennis/Players/Ko/M/Micke-Kontinen.aspx,99,15
08.09.2014,416,"Aguilar, Jorge",CHI,/Tennis/Players/Ag/J/Jorge-Aguilar.aspx,99,22
08.09.2014,417,"Sekiguchi, Shuichi",JPN,/Tennis/Players/Se/S/Shuichi-Sekiguchi.aspx,99,22
08.09.2014,418,"Rodrigues, Mathieu",FRA,/Tennis/Players/Ro/M/Mathieu-Rodrigues.aspx,98,11
08.09.2014,419,"Couacaud, Enzo",FRA,/Tennis/Players/Co/E/Enzo-Couacaud.aspx,98,18
08.09.2014,420,"Matsui, Toshihide",JPN,/Tennis/Players/Ma/T/Toshihide-Matsui.aspx,98,21
08.09.2014,421,"Partl, Adrian",SVK,/Tennis/Players/Pa/A/Adrian-Partl.aspx,98,22
08.09.2014,422,"Neuchrist, Maximilian",AUT,/Tennis/Players/Ne/M/Maximilian-Neuchrist.aspx,98,23
08.09.2014,423,"Lestienne, Constant",FRA,/Tennis/Players/Le/C/Constant-Lestienne.aspx,98,31
08.09.2014,424,"Giron, Marcos",USA,/Tennis/Players/Gi/M/Marcos-Giron.aspx,97,14
08.09.2014,425,"De Loore, Joris",BEL,/Tennis/Players/De/J/Joris-De-Loore.aspx,96,12
08.09.2014,426,"Nevolo, Dennis",USA,/Tennis/Players/Ne/D/Dennis-Nevolo.aspx,96,22
08.09.2014,427,"Krueger, Mitchell",USA,/Tennis/Players/Kr/M/Mitchell-Krueger.aspx,96,23
08.09.2014,428,"Saavedra-Corvalan, Cristobal",CHI,/Tennis/Players/Sa/C/Cristobal-Saavedra-Corvalan.aspx,96,31
08.09.2014,429,"Stebe, Cedrik-Marcel",GER,/Tennis/Players/St/C/Cedrik-Marcel-Stebe.aspx,95,2
08.09.2014,430,"Myneni, Saketh",IND,/Tennis/Players/My/S/Saketh-Myneni.aspx,95,15
08.09.2014,431,"Crepaldi, Erik",ITA,/Tennis/Players/Cr/E/Erik-Crepaldi.aspx,95,33
08.09.2014,432,"Diaz-Figueroa, Christopher",GUA,/Tennis/Players/Di/C/Christopher-Diaz-Figueroa.aspx,94,20
08.09.2014,433,"Balleret, Benjamin",MON,/Tennis/Players/Ba/B/Benjamin-Balleret.aspx,94,22
08.09.2014,434,"Hidalgo, Gabriel Alejandro",ARG,/Tennis/Players/Hi/G/Gabriel-Alejandro-Hidalgo.aspx,93,17
08.09.2014,435,"Trusendi, Walter",ITA,/Tennis/Players/Tr/W/Walter-Trusendi.aspx,93,18
08.09.2014,436,"Eriksson, Markus",SWE,/Tennis/Players/Er/M/Markus-Eriksson.aspx,92,21
08.09.2014,437,"Naso, Gianluca",ITA,/Tennis/Players/Na/G/Gianluca-Naso.aspx,92,26
08.09.2014,438,"Van Peperzeel, Gavin",AUS,/Tennis/Players/Va/G/Gavin-Van-Peperzeel.aspx,92,27
08.09.2014,439,"Takeuchi, Kento",JPN,/Tennis/Players/Ta/K/Kento-Takeuchi.aspx,92,29
08.09.2014,440,"Davydenko, Philipp",RUS,/Tennis/Players/Da/P/Philipp-Davydenko.aspx,90,13
08.09.2014,441,"Beretta, Duilio",PER,/Tennis/Players/Be/D/Duilio-Beretta.aspx,90,14
08.09.2014,442,"Kuzmanov, Dimitar",BUL,/Tennis/Players/Ku/D/Dimitar-Kuzmanov.aspx,90,20
08.09.2014,443,"Sakharov, Gleb",FRA,/Tennis/Players/Sa/G/Gleb-Sakharov.aspx,90,21
08.09.2014,444,"Wang, Tak Khunn",FRA,/Tennis/Players/Wa/T/Tak-Khunn-Wang.aspx,90,25
08.09.2014,445,"Ojeda Lara, Ricardo",ESP,/Tennis/Players/Oj/R/Ricardo-Ojeda-Lara.aspx,90,28
08.09.2014,446,"Baluda, Victor",RUS,/Tennis/Players/Ba/V/Victor-Baluda.aspx,89,18
08.09.2014,447,"Kern, Robin",GER,/Tennis/Players/Ke/R/Robin-Kern.aspx,89,24
08.09.2014,448,"Vagnozzi, Simone",ITA,/Tennis/Players/Va/S/Simone-Vagnozzi.aspx,89,24
08.09.2014,449,"Vatutin, Alexey",RUS,/Tennis/Players/Va/A/Alexey-Vatutin.aspx,88,14
08.09.2014,450,"Serra, Florent",FRA,/Tennis/Players/Se/F/Florent-Serra.aspx,88,19
08.09.2014,451,"Fortuna, Claudio",ITA,/Tennis/Players/Fo/C/Claudio-Fortuna.aspx,88,26
08.09.2014,452,"Novikov, Dennis",USA,/Tennis/Players/No/D/Dennis-Novikov.aspx,87,20
08.09.2014,453,"Urzua-Rivera, Ricardo",CHI,/Tennis/Players/Ur/R/Ricardo-Urzua-Rivera.aspx,87,28
08.09.2014,454,"Jankovits, Yannick",FRA,/Tennis/Players/Ja/Y/Yannick-Jankovits.aspx,86,17
08.09.2014,455,"Martinez, Mateo Nicolas",ARG,/Tennis/Players/Ma/M/Mateo-Nicolas-Martinez.aspx,86,24
08.09.2014,456,"Arneodo, Romain",MON,/Tennis/Players/Ar/R/Romain-Arneodo.aspx,86,24
08.09.2014,457,"Becker, Richard",GER,/Tennis/Players/Be/R/Richard-Becker.aspx,85,17
08.09.2014,458,"Luncanu, Petru-Alexandru",ROU,/Tennis/Players/Lu/P/Petru-Alexandru-Luncanu.aspx,85,18
08.09.2014,459,"Semjan, Marek",SVK,/Tennis/Players/Se/M/Marek-Semjan.aspx,85,25
08.09.2014,460,"Boutillier, Remi",FRA,/Tennis/Players/Bo/R/Remi-Boutillier.aspx,84,25
08.09.2014,461,"Martinez, Luis David",VEN,/Tennis/Players/Ma/L/Luis-David-Martinez.aspx,84,27
08.09.2014,462,"Ehrat, Sandro",SUI,/Tennis/Players/Eh/S/Sandro-Ehrat.aspx,83,8
08.09.2014,463,"Linzer, Michael",AUT,/Tennis/Players/Li/M/Michael-Linzer.aspx,83,14
08.09.2014,464,"Lojda, Dusan",CZE,/Tennis/Players/Lo/D/Dusan-Lojda.aspx,83,15
08.09.2014,465,"Escobedo, Ernesto",USA,/Tennis/Players/Es/E/Ernesto-Escobedo-E873.aspx,83,15
08.09.2014,466,"Kondo, Hiroki",JPN,/Tennis/Players/Ko/H/Hiroki-Kondo.aspx,83,20
08.09.2014,467,"Arauzo-Martinez, Juan-Samuel",ESP,/Tennis/Players/Ar/J/Juan-Samuel-Arauzo-Martinez.aspx,83,29
08.09.2014,468,"Bai, Yan",CHN,/Tennis/Players/Ba/Y/Yan-Bai.aspx,82,12
08.09.2014,469,"Manafov, Vladyslav",UKR,/Tennis/Players/Ma/V/Vladyslav-Manafov.aspx,82,19
08.09.2014,470,"Hank, Tigre",MEX,/Tennis/Players/Ha/T/Tigre-Hank.aspx,82,22
08.09.2014,471,"Paz, Juan Pablo",ARG,/Tennis/Players/Pa/J/Juan-Pablo-Paz.aspx,82,22
08.09.2014,472,"Picco, Francesco",ITA,/Tennis/Players/Pi/F/Francesco-Picco.aspx,82,28
08.09.2014,473,"Echazu, Mauricio",PER,/Tennis/Players/Ec/M/Mauricio-Echazu.aspx,81,21
08.09.2014,474,"Greul, Simon",GER,/Tennis/Players/Gr/S/Simon-Greul.aspx,80,4
08.09.2014,475,"Wolmarans, Fritz",RSA,/Tennis/Players/Wo/F/Fritz-Wolmarans.aspx,80,21
08.09.2014,476,"Tepavac, Marko",SRB,/Tennis/Players/Te/M/Marko-Tepavac.aspx,80,23
08.09.2014,477,"Dutra da Silva, Daniel",BRA,/Tennis/Players/Si/D/Daniel-Dutra-Da-Silva.aspx,79,28
08.09.2014,478,"Vega Hernandez, David",ESP,/Tennis/Players/Ve/D/David-Vega-Hernandez.aspx,79,34
08.09.2014,479,"Rath, Marc",AUT,/Tennis/Players/Ra/M/Marc-Rath.aspx,78,21
08.09.2014,480,"Petrovic, Danilo",SRB,/Tennis/Players/Pe/D/Danilo-Petrovic.aspx,78,22
08.09.2014,481,"Zampieri, Caio",BRA,/Tennis/Players/Za/C/Caio-Zampieri.aspx,77,17
08.09.2014,482,"Zekic, Miljan",SRB,/Tennis/Players/Ze/M/Miljan-Zekic.aspx,77,21
08.09.2014,483,"Jebavy, Roman",CZE,/Tennis/Players/Je/R/Roman-Jebavy.aspx,77,26
08.09.2014,484,"Mena, Facundo",ARG,/Tennis/Players/Me/F/Facundo-Mena.aspx,77,27
08.09.2014,485,"Marterer, Maximilian",GER,/Tennis/Players/Ma/M/Maximilian-Marterer.aspx,76,20
08.09.2014,486,"Chazal, Maxime",FRA,/Tennis/Players/Ch/M/Maxime-Chazal.aspx,76,25
08.09.2014,487,"King, Evan",USA,/Tennis/Players/Ki/E/Evan-King.aspx,76,27
08.09.2014,488,"Matsukevich, Denis",RUS,/Tennis/Players/Ma/D/Denis-Matsukevich.aspx,75,23
08.09.2014,489,"Gabb, Richard",GBR,/Tennis/Players/Ga/R/Richard-Gabb.aspx,74,18
08.09.2014,490,"Napolitano, Stefano",ITA,/Tennis/Players/Na/S/Stefano-Napolitano.aspx,74,19
08.09.2014,491,"Roelofse, Ruan",RSA,/Tennis/Players/Ro/R/Ruan-Roelofse.aspx,74,20
08.09.2014,492,"Nedelko, Ivan",RUS,/Tennis/Players/Ne/I/Ivan-Nedelko.aspx,74,33
08.09.2014,493,"Zverev, Mischa",GER,/Tennis/Players/Zv/M/Mischa-Zverev.aspx,73,10
08.09.2014,494,"Giorgini, Daniele",ITA,/Tennis/Players/Gi/D/Daniele-Giorgini.aspx,73,11
08.09.2014,495,"Rublev, Andrey",RUS,/Tennis/Players/Ru/A/Andrey-Rublev.aspx,72,11
08.09.2014,496,"Singh, Karunuday",IND,/Tennis/Players/Si/K/Karunuday-Singh.aspx,72,15
08.09.2014,497,"Lammer, Michael",SUI,/Tennis/Players/La/M/Michael-Lammer.aspx,71,17
08.09.2014,498,"Ito, Yuichi",JPN,/Tennis/Players/It/Y/Yuichi-Ito.aspx,71,24
08.09.2014,499,"Watanuki, Yusuke",JPN,/Tennis/Players/Wa/Y/Yusuke-Watanuki.aspx,71,28
08.09.2014,500,"Heras, Patricio",ARG,/Tennis/Players/He/P/Patricio-Heras.aspx,70,18
